{
  "delta_pts": {
    "no_change": {
      "test": {
        "mae": 2.3771846153846155,
        "rmse": 3.7405938841517994,
        "r2": -0.4776439560196568,
        "directional_accuracy": 0.0
      },
      "validation": {
        "mae": 2.0187,
        "rmse": 2.515244268455849,
        "r2": -0.05393596083669605,
        "directional_accuracy": 0.0
      }
    },
    "historical_average": {
      "test": {
        "mae": 2.1932571005917163,
        "rmse": 3.1840993483081603,
        "r2": -0.07068545409381399,
        "directional_accuracy": 0.6153846153846154,
        "mean_delta": -1.3085807692307692
      },
      "validation": {
        "mae": 2.2718492753623187,
        "rmse": 2.5887581380856584,
        "r2": -0.11644373599391722,
        "directional_accuracy": 0.6666666666666666,
        "mean_delta": -1.4050478260869566
      }
    }
  },
  "delta_ts_pct": {
    "no_change": {
      "test": {
        "mae": 0.027430769230769227,
        "rmse": 0.04012123933970443,
        "r2": -0.006715690163761723,
        "directional_accuracy": 0.0
      },
      "validation": {
        "mae": 0.03233333333333333,
        "rmse": 0.040878356131331894,
        "r2": -1.2193239922969652,
        "directional_accuracy": 0.0
      }
    },
    "historical_average": {
      "test": {
        "mae": 0.028697337278106506,
        "rmse": 0.04255732663473891,
        "r2": -0.13267896406160617,
        "directional_accuracy": 0.5384615384615384,
        "mean_delta": 0.011288461538461537
      },
      "validation": {
        "mae": 0.027363768115942034,
        "rmse": 0.034854356436045245,
        "r2": -0.6134220898743459,
        "directional_accuracy": 0.8333333333333334,
        "mean_delta": 0.00880869565217391
      }
    }
  },
  "delta_usg_rate": {
    "no_change": {
      "test": {
        "mae": 14.2056,
        "rmse": 18.236119908534864,
        "r2": -0.3696068018570968,
        "directional_accuracy": 0.0
      },
      "validation": {
        "mae": 12.8815,
        "rmse": 18.08691728506178,
        "r2": -0.8849329100833068,
        "directional_accuracy": 0.0
      }
    },
    "historical_average": {
      "test": {
        "mae": 12.507967603550295,
        "rmse": 15.596095936021792,
        "r2": -0.0017580056240091846,
        "directional_accuracy": 0.6923076923076923,
        "mean_delta": -8.820021153846154
      },
      "validation": {
        "mae": 11.359766666666667,
        "rmse": 13.77918336369375,
        "r2": -0.09399100473839139,
        "directional_accuracy": 0.6666666666666666,
        "mean_delta": -8.353997826086955
      }
    }
  }
}