{
  "delta_pts": {
    "ridge": {
      "validation": {
        "mae": 2.684300424104,
        "rmse": 2.9957314904291317,
        "r2": -0.4950635600414526,
        "directional_accuracy": 0.3333333333333333
      },
      "test": {
        "mae": 3.4113972804928747,
        "rmse": 4.050036691901123,
        "r2": -0.732234158737187,
        "directional_accuracy": 0.6153846153846154
      },
      "hyperparameters": {
        "best_alpha": 0.1,
        "train_mae": 1.1618902106912212
      }
    },
    "histgb": {
      "validation": {
        "mae": 2.959731196693056,
        "rmse": 3.42354265171954,
        "r2": -0.9525644265557567,
        "directional_accuracy": 0.6666666666666666
      },
      "test": {
        "mae": 2.355110641086264,
        "rmse": 3.3680686922810574,
        "r2": -0.19798274743562638,
        "directional_accuracy": 0.7692307692307693
      },
      "hyperparameters": {
        "train_mae": 0.9591852033794765
      }
    }
  },
  "delta_ts_pct": {
    "ridge": {
      "validation": {
        "mae": 0.03123772633251191,
        "rmse": 0.040448012044275616,
        "r2": -1.1728423910403953,
        "directional_accuracy": 0.6666666666666666
      },
      "test": {
        "mae": 0.05378584603545917,
        "rmse": 0.06704407960531901,
        "r2": -1.8111176619846834,
        "directional_accuracy": 0.38461538461538464
      },
      "hyperparameters": {
        "best_alpha": 0.1,
        "train_mae": 0.013423252548055369
      }
    },
    "histgb": {
      "validation": {
        "mae": 0.03943070444478312,
        "rmse": 0.043971008356855946,
        "r2": -1.5678326262284292,
        "directional_accuracy": 0.5
      },
      "test": {
        "mae": 0.0351180146286409,
        "rmse": 0.048851235342872425,
        "r2": -0.49248253865298586,
        "directional_accuracy": 0.3076923076923077
      },
      "hyperparameters": {
        "train_mae": 0.016694860674018798
      }
    }
  },
  "delta_usg_rate": {
    "ridge": {
      "validation": {
        "mae": 27.07207989647932,
        "rmse": 28.71201942389062,
        "r2": -3.7500072269855496,
        "directional_accuracy": 0.5
      },
      "test": {
        "mae": 19.950460249435213,
        "rmse": 24.144129686009304,
        "r2": -1.4007897939394103,
        "directional_accuracy": 0.5384615384615384
      },
      "hyperparameters": {
        "best_alpha": 0.1,
        "train_mae": 7.225286598827938
      }
    },
    "histgb": {
      "validation": {
        "mae": 16.37466475037695,
        "rmse": 21.357485760916845,
        "r2": -1.628252239322122,
        "directional_accuracy": 0.3333333333333333
      },
      "test": {
        "mae": 11.761473623966639,
        "rmse": 15.362498845652128,
        "r2": 0.028025766097184657,
        "directional_accuracy": 0.8461538461538461
      },
      "hyperparameters": {
        "train_mae": 6.152508472749873
      }
    }
  }
}